category,keyword
Men's Health,best testosterone for health
Mental Health & Stress,mindfulness for beginners
Nutrition & Diet,how to support high-protein diet
Weight Loss & Fat Burning,metabolism booster for beginners naturally
Immune System,natural ways to support immune boost
Women's Health,how to manage hormone balance
Anti-Aging & Longevity,what is the best anti aging?
Women's Health,fertility for beginners
Mental Health & Stress,benefits of stress relief
Heart Health,how to boost cholesterol
Men's Health,natural ways to support prostate health
Women's Health,natural ways to support pcos 2025
Vitamins & Supplements,how to boost probiotics
Women's Health,foods that help support hormone balance
Women's Health,how to support fertility
Heart Health,benefits of omega 3
Mental Health & Stress,foods that help reduce mindfulness
Brain Health,top memory supplements naturally
Mental Health & Stress,how to manage anxiety
Nutrition & Diet,how to boost plant-based
Weight Loss & Fat Burning,benefits of belly fat 2025
Weight Loss & Fat Burning,natural ways to lose weight loss
Men's Health,prostate health for beginners
Weight Loss & Fat Burning,how to burn metabolism booster
Anti-Aging & Longevity,natural ways to prevent cellular health
Vitamins & Supplements,vitamin d for beginners
Immune System,benefits of vitamin c naturally
Women's Health,benefits of hormone balance naturally
Nutrition & Diet,foods that help improve plant-based naturally
Heart Health,blood pressure for beginners 2025
Fitness & Exercise,best cardio for endurance
Nutrition & Diet,how to enhance gut health
Vitamins & Supplements,natural ways to support probiotics 2025 naturally
Fitness & Exercise,how to boost home workout
Nutrition & Diet,foods that help support high-protein diet
Nutrition & Diet,foods that help enhance plant-based naturally
Vitamins & Supplements,how to boost magnesium
Anti-Aging & Longevity,foods that help slow longevity 2025
Nutrition & Diet,top high-protein diet supplements
Vitamins & Supplements,how to support omega 3
Men's Health,foods that help boost prostate health 2025
Sleep & Recovery,how to improve melatonin 2025
Weight Loss & Fat Burning,foods that help reduce fat burning
Immune System,natural ways to strengthen immune boost 2025
Immune System,how to improve immune support 2025
Brain Health,how to enhance brain fog
Sleep & Recovery,foods that help fix melatonin
Vitamins & Supplements,natural ways to enhance omega 3
Anti-Aging & Longevity,foods that help slow anti aging
Fitness & Exercise,how to improve hiit
Sleep & Recovery,best insomnia for deep sleep 2025
Brain Health,how to improve brain fog 2025
Men's Health,foods that help boost testosterone
Sleep & Recovery,foods that help improve deep sleep 2025
Immune System,foods that help support common cold
Fitness & Exercise,how to support strength training
Fitness & Exercise,how to improve yoga 2025
Brain Health,how to boost brain fog naturally
Nutrition & Diet,what is the best keto?
Mental Health & Stress,natural ways to calm meditation
Women's Health,foods that help support fertility 2025
Fitness & Exercise,natural ways to improve cardio 2025 naturally
Nutrition & Diet,how to support high-protein diet 2025
Fitness & Exercise,natural ways to support strength training
Immune System,how to boost zinc
Sleep & Recovery,deep sleep for beginners
Fitness & Exercise,top hiit supplements 2025
Women's Health,best fertility for health
Immune System,natural ways to boost common cold 2025
Sleep & Recovery,foods that help fix insomnia 2025 naturally
Men's Health,how to support erectile dysfunction
Women's Health,natural ways to balance menopause
Immune System,common cold for beginners 2025
Immune System,natural ways to boost zinc
Men's Health,how to improve testosterone naturally
Immune System,foods that help boost immune boost 2025
Anti-Aging & Longevity,foods that help prevent healthy aging 2025
Vitamins & Supplements,how to boost probiotics 2025
Women's Health,foods that help manage hormone balance
Anti-Aging & Longevity,cellular health for beginners naturally
Nutrition & Diet,how to improve gut health
Sleep & Recovery,natural ways to improve sleep quality
Immune System,natural ways to boost immune support
Immune System,zinc for beginners 2025 naturally
Weight Loss & Fat Burning,top belly fat supplements
Vitamins & Supplements,best probiotics for wellbeing
Vitamins & Supplements,benefits of omega 3 naturally
Mental Health & Stress,foods that help calm meditation naturally
Mental Health & Stress,how to calm meditation
Brain Health,best memory for memory
Women's Health,how to balance fertility
Men's Health,benefits of prostate health
Heart Health,natural ways to improve heart disease prevention
Heart Health,what is the best cholesterol?
Weight Loss & Fat Burning,fat burning for beginners 2025 naturally
Anti-Aging & Longevity,longevity for beginners 2025
Women's Health,how to improve fertility
Vitamins & Supplements,natural ways to improve ashwagandha
Men's Health,how to boost testosterone
Fitness & Exercise,how to improve strength training
Men's Health,top erectile dysfunction supplements
Men's Health,top testosterone supplements 2025
Nutrition & Diet,how to support keto 2025 naturally
Weight Loss & Fat Burning,what is the best metabolism booster? 2025
Vitamins & Supplements,best magnesium for health
Immune System,natural ways to boost common cold naturally
Mental Health & Stress,best mindfulness for wellbeing
Mental Health & Stress,how to boost meditation 2025
Sleep & Recovery,sleep quality for beginners naturally
Immune System,top vitamin c supplements
Weight Loss & Fat Burning,best belly fat for weight loss
Mental Health & Stress,foods that help manage meditation 2025
Sleep & Recovery,how to enhance sleep hygiene naturally
Vitamins & Supplements,benefits of probiotics
Immune System,benefits of immune boost
Immune System,best immune support for health 2025
Weight Loss & Fat Burning,how to reduce metabolism booster naturally
Fitness & Exercise,foods that help enhance hiit
Brain Health,how to boost mental clarity naturally
Nutrition & Diet,what is the best plant-based?
Nutrition & Diet,best intermittent fasting for health naturally
Mental Health & Stress,how to boost stress relief
Mental Health & Stress,how to calm stress relief
Vitamins & Supplements,what is the best vitamin d? naturally
Sleep & Recovery,how to improve deep sleep
Vitamins & Supplements,how to support ashwagandha 2025 naturally
Mental Health & Stress,anxiety for beginners
Heart Health,what is the best omega 3? 2025
Nutrition & Diet,natural ways to improve plant-based naturally
Mental Health & Stress,how to calm cortisol
Sleep & Recovery,what is the best sleep quality?
Immune System,how to improve vitamin c 2025
Mental Health & Stress,how to boost cortisol
Nutrition & Diet,benefits of intermittent fasting
Mental Health & Stress,best mindfulness for health
Mental Health & Stress,foods that help manage mindfulness
Sleep & Recovery,top sleep quality supplements naturally
Men's Health,how to increase erectile dysfunction
Brain Health,how to enhance mental clarity
Brain Health,natural ways to improve focus 2025
Weight Loss & Fat Burning,how to improve metabolism booster
Women's Health,best pcos for health 2025
Brain Health,natural ways to clear cognitive decline 2025
Immune System,benefits of immune support 2025
Mental Health & Stress,benefits of cortisol naturally
Men's Health,what is the best erectile dysfunction?
Men's Health,erectile dysfunction for beginners 2025
Brain Health,benefits of brain fog 2025
Immune System,how to improve zinc 2025 naturally
Brain Health,what is the best focus? naturally
Heart Health,how to lower cholesterol 2025 naturally
Vitamins & Supplements,how to boost omega 3
Vitamins & Supplements,what is the best omega 3? naturally
Sleep & Recovery,top deep sleep supplements naturally
Anti-Aging & Longevity,natural ways to slow cellular health
Nutrition & Diet,natural ways to support high-protein diet
Anti-Aging & Longevity,how to prevent longevity
Men's Health,erectile dysfunction for beginners
Nutrition & Diet,foods that help enhance plant-based 2025
Immune System,foods that help boost immune support
Vitamins & Supplements,how to improve magnesium 2025
Nutrition & Diet,top keto supplements
Fitness & Exercise,foods that help improve cardio naturally
Heart Health,best cholesterol for wellbeing naturally
Immune System,best zinc for wellbeing naturally
Mental Health & Stress,best stress relief for health
Immune System,foods that help boost common cold
Mental Health & Stress,how to reduce anxiety naturally
Mental Health & Stress,what is the best meditation?
Immune System,immune boost for beginners naturally
Heart Health,natural ways to support heart disease prevention
Men's Health,how to boost erectile dysfunction naturally
Women's Health,what is the best pcos?
Brain Health,best cognitive decline for memory naturally
Brain Health,foods that help improve mental clarity naturally
Women's Health,top pcos supplements
Mental Health & Stress,best anxiety for wellbeing naturally
Immune System,foods that help support immune boost naturally
Anti-Aging & Longevity,natural ways to slow anti aging
Women's Health,how to improve hormone balance
Weight Loss & Fat Burning,top fat burning supplements naturally
Vitamins & Supplements,how to support vitamin d
Fitness & Exercise,benefits of hiit
Immune System,natural ways to strengthen common cold
Fitness & Exercise,how to support yoga
Mental Health & Stress,how to calm mindfulness
Women's Health,natural ways to balance fertility naturally
Nutrition & Diet,natural ways to improve intermittent fasting
Vitamins & Supplements,best collagen for health 2025
Weight Loss & Fat Burning,best belly fat for fat loss
Men's Health,how to boost prostate health naturally
Fitness & Exercise,home workout for beginners naturally
Immune System,foods that help support vitamin c
Sleep & Recovery,how to enhance melatonin
Sleep & Recovery,how to improve sleep quality
Nutrition & Diet,best intermittent fasting for health 2025 naturally
Nutrition & Diet,best keto for wellbeing
Brain Health,natural ways to enhance brain fog naturally
Anti-Aging & Longevity,what is the best healthy aging?
Nutrition & Diet,how to boost high-protein diet
Fitness & Exercise,best cardio for endurance 2025
Weight Loss & Fat Burning,foods that help burn metabolism booster 2025
Mental Health & Stress,meditation for beginners 2025 naturally
Nutrition & Diet,foods that help support gut health
Heart Health,how to improve omega 3 naturally
Vitamins & Supplements,foods that help improve magnesium
Heart Health,best omega 3 for wellbeing
Mental Health & Stress,top meditation supplements
Sleep & Recovery,melatonin for beginners
Immune System,best zinc for health 2025 naturally
Nutrition & Diet,high-protein diet for beginners
Heart Health,natural ways to lower cholesterol 2025
Vitamins & Supplements,turmeric for beginners
Vitamins & Supplements,natural ways to improve vitamin d
Immune System,what is the best common cold?
Mental Health & Stress,how to calm mindfulness 2025
Nutrition & Diet,best plant-based for health
Men's Health,natural ways to support testosterone 2025
Fitness & Exercise,best hiit for muscle gain
Brain Health,foods that help enhance cognitive decline naturally
Fitness & Exercise,benefits of home workout
Vitamins & Supplements,top omega 3 supplements 2025 naturally
Fitness & Exercise,benefits of strength training 2025 naturally
Immune System,immune boost for beginners
Weight Loss & Fat Burning,how to boost weight loss
Anti-Aging & Longevity,how to prevent cellular health 2025
Weight Loss & Fat Burning,best metabolism booster for weight loss naturally
Heart Health,foods that help lower cholesterol
Immune System,how to improve immune boost naturally
Heart Health,natural ways to lower blood pressure
Nutrition & Diet,foods that help improve gut health 2025
Immune System,what is the best vitamin c? naturally
Heart Health,foods that help improve cholesterol
Heart Health,how to lower cholesterol
Brain Health,what is the best mental clarity? 2025
Vitamins & Supplements,what is the best magnesium? 2025
Anti-Aging & Longevity,how to slow anti aging naturally
Vitamins & Supplements,vitamin d for beginners naturally
Immune System,how to improve immune boost 2025 naturally
Women's Health,best menopause for health 2025
Immune System,natural ways to strengthen vitamin c
Fitness & Exercise,what is the best home workout? 2025
Sleep & Recovery,top deep sleep supplements
Immune System,how to improve vitamin c naturally
Weight Loss & Fat Burning,foods that help lose belly fat
Immune System,how to improve zinc 2025
Fitness & Exercise,natural ways to support cardio
Weight Loss & Fat Burning,natural ways to lose belly fat 2025 naturally
Vitamins & Supplements,best probiotics for wellbeing 2025
Women's Health,top fertility supplements
Nutrition & Diet,benefits of gut health
Brain Health,how to improve mental clarity naturally
Nutrition & Diet,natural ways to support gut health
Brain Health,foods that help clear brain fog 2025
Anti-Aging & Longevity,best anti aging for health
Sleep & Recovery,foods that help fix deep sleep 2025 naturally
Sleep & Recovery,foods that help improve melatonin
Brain Health,memory for beginners
Women's Health,how to improve hormone balance 2025 naturally
Women's Health,benefits of pcos
Men's Health,best testosterone for health naturally
Nutrition & Diet,plant-based for beginners naturally
Men's Health,best erectile dysfunction for wellbeing 2025 naturally
Heart Health,natural ways to support omega 3
Nutrition & Diet,best keto for health
Men's Health,top prostate health supplements
Anti-Aging & Longevity,foods that help prevent cellular health
Weight Loss & Fat Burning,natural ways to reduce metabolism booster
Vitamins & Supplements,how to enhance ashwagandha
Vitamins & Supplements,how to support magnesium 2025
Vitamins & Supplements,foods that help improve vitamin d
Heart Health,natural ways to lower omega 3
Fitness & Exercise,best strength training for endurance 2025
Mental Health & Stress,anxiety for beginners naturally
Heart Health,how to improve omega 3
Women's Health,how to boost pcos 2025
Weight Loss & Fat Burning,foods that help burn weight loss
Immune System,vitamin c for beginners 2025
Vitamins & Supplements,natural ways to enhance vitamin d 2025
Sleep & Recovery,benefits of deep sleep naturally
Men's Health,natural ways to boost erectile dysfunction
Vitamins & Supplements,best ashwagandha for health naturally
Fitness & Exercise,top yoga supplements
Immune System,how to improve immune support naturally
Fitness & Exercise,hiit for beginners
Mental Health & Stress,what is the best stress relief?
Sleep & Recovery,what is the best sleep hygiene?
Fitness & Exercise,hiit for beginners 2025
Vitamins & Supplements,benefits of collagen 2025 naturally
Weight Loss & Fat Burning,how to lose metabolism booster
Brain Health,how to improve memory
Men's Health,benefits of testosterone
Immune System,common cold for beginners
Vitamins & Supplements,best collagen for health
Fitness & Exercise,foods that help support home workout 2025
Vitamins & Supplements,foods that help improve probiotics naturally
Nutrition & Diet,how to boost intermittent fasting naturally
Vitamins & Supplements,how to enhance magnesium
Immune System,how to strengthen immune boost naturally
Brain Health,how to enhance cognitive decline 2025
Weight Loss & Fat Burning,how to reduce fat burning
Immune System,benefits of immune support 2025 naturally
Mental Health & Stress,foods that help calm mindfulness
Vitamins & Supplements,benefits of collagen 2025
Mental Health & Stress,how to improve stress relief 2025 naturally
Anti-Aging & Longevity,natural ways to slow anti aging 2025
Nutrition & Diet,how to boost keto naturally
Anti-Aging & Longevity,natural ways to slow longevity naturally
Vitamins & Supplements,what is the best omega 3?
Brain Health,how to boost cognitive decline naturally
Weight Loss & Fat Burning,foods that help reduce weight loss
Nutrition & Diet,best keto for health 2025
Brain Health,best memory for mental clarity 2025
Immune System,how to improve zinc
Immune System,how to boost immune support 2025
Immune System,what is the best vitamin c?
Women's Health,natural ways to balance hormone balance naturally
Brain Health,brain fog for beginners 2025 naturally
Women's Health,hormone balance for beginners naturally
Sleep & Recovery,what is the best melatonin? 2025
Anti-Aging & Longevity,how to slow longevity
Women's Health,best menopause for health
Vitamins & Supplements,best vitamin d for health 2025
Mental Health & Stress,how to reduce mindfulness 2025
Anti-Aging & Longevity,best longevity for wellbeing naturally
Nutrition & Diet,how to boost intermittent fasting
Weight Loss & Fat Burning,how to lose fat burning
Mental Health & Stress,top anxiety supplements 2025 naturally
Vitamins & Supplements,how to improve turmeric 2025
Nutrition & Diet,natural ways to improve keto
Sleep & Recovery,insomnia for beginners
Mental Health & Stress,foods that help manage mindfulness 2025
Fitness & Exercise,top cardio supplements
Immune System,what is the best common cold? 2025 naturally
Brain Health,top focus supplements
Nutrition & Diet,top plant-based supplements 2025 naturally
Anti-Aging & Longevity,how to improve longevity 2025
Women's Health,foods that help balance pcos
Nutrition & Diet,foods that help enhance high-protein diet
Vitamins & Supplements,natural ways to improve collagen
Vitamins & Supplements,top vitamin d supplements 2025
Heart Health,foods that help support blood pressure
Heart Health,what is the best cholesterol? 2025
Vitamins & Supplements,foods that help support omega 3
Sleep & Recovery,what is the best melatonin?
Vitamins & Supplements,natural ways to enhance magnesium naturally
Mental Health & Stress,how to calm meditation 2025
Weight Loss & Fat Burning,how to reduce belly fat
Vitamins & Supplements,foods that help improve probiotics
Immune System,how to improve common cold
Sleep & Recovery,insomnia for beginners 2025
Mental Health & Stress,how to improve mindfulness naturally
Immune System,foods that help strengthen immune support
Heart Health,benefits of heart disease prevention
Immune System,vitamin c for beginners
Brain Health,natural ways to clear brain fog
Mental Health & Stress,foods that help manage stress relief
Men's Health,foods that help support erectile dysfunction 2025
Mental Health & Stress,stress relief for beginners naturally
Vitamins & Supplements,how to support collagen
Anti-Aging & Longevity,foods that help prevent anti aging 2025
Weight Loss & Fat Burning,how to improve metabolism booster naturally
Vitamins & Supplements,top turmeric supplements 2025
Nutrition & Diet,how to support plant-based
Fitness & Exercise,best cardio for muscle gain
Sleep & Recovery,top insomnia supplements
Vitamins & Supplements,what is the best collagen? naturally
Women's Health,foods that help balance fertility
Fitness & Exercise,how to enhance home workout
Nutrition & Diet,foods that help improve plant-based 2025
Nutrition & Diet,natural ways to support plant-based 2025
Brain Health,benefits of memory
Nutrition & Diet,natural ways to enhance keto
Mental Health & Stress,how to manage stress relief
Mental Health & Stress,natural ways to reduce stress relief naturally
Anti-Aging & Longevity,how to boost cellular health
Nutrition & Diet,how to improve intermittent fasting 2025 naturally
Mental Health & Stress,top stress relief supplements naturally
Vitamins & Supplements,how to boost vitamin d naturally
Vitamins & Supplements,foods that help support probiotics 2025
Vitamins & Supplements,how to boost collagen
Nutrition & Diet,benefits of plant-based
Heart Health,natural ways to lower cholesterol
Mental Health & Stress,best cortisol for health
Sleep & Recovery,how to boost deep sleep
Vitamins & Supplements,omega 3 for beginners
Nutrition & Diet,how to improve plant-based naturally
Immune System,how to strengthen vitamin c
Sleep & Recovery,how to boost melatonin naturally
Heart Health,natural ways to support omega 3 naturally
Anti-Aging & Longevity,how to boost longevity
Heart Health,how to support cholesterol
Weight Loss & Fat Burning,how to burn belly fat naturally
Weight Loss & Fat Burning,best metabolism booster for fat loss
Fitness & Exercise,benefits of yoga
Heart Health,how to support omega 3
Mental Health & Stress,how to improve anxiety
Weight Loss & Fat Burning,how to improve fat burning
Immune System,how to boost zinc 2025
Mental Health & Stress,natural ways to manage stress relief
Immune System,how to improve immune support
Anti-Aging & Longevity,top cellular health supplements 2025
Vitamins & Supplements,what is the best turmeric? naturally
Sleep & Recovery,best deep sleep for deep sleep
Nutrition & Diet,how to improve high-protein diet
Men's Health,best erectile dysfunction for wellbeing
Fitness & Exercise,how to support hiit
Vitamins & Supplements,how to support collagen 2025
Men's Health,benefits of erectile dysfunction
Immune System,natural ways to boost immune boost naturally
Nutrition & Diet,what is the best intermittent fasting? 2025
Nutrition & Diet,top plant-based supplements naturally
Vitamins & Supplements,best probiotics for health
Men's Health,natural ways to increase erectile dysfunction 2025
Mental Health & Stress,how to calm anxiety
Vitamins & Supplements,benefits of collagen
Heart Health,how to boost blood pressure naturally
Fitness & Exercise,best strength training for muscle gain
Weight Loss & Fat Burning,how to lose weight loss
Brain Health,cognitive decline for beginners
Fitness & Exercise,natural ways to enhance cardio
Anti-Aging & Longevity,benefits of longevity naturally
Fitness & Exercise,best strength training for endurance
Nutrition & Diet,plant-based for beginners 2025 naturally
Vitamins & Supplements,how to enhance turmeric naturally
Brain Health,focus for beginners naturally
Men's Health,natural ways to support testosterone
Immune System,how to boost immune boost
Nutrition & Diet,benefits of high-protein diet 2025
Brain Health,how to boost focus naturally
Heart Health,how to improve cholesterol
Weight Loss & Fat Burning,how to reduce weight loss
Vitamins & Supplements,how to support magnesium
Heart Health,cholesterol for beginners 2025 naturally
Immune System,top immune boost supplements naturally
Women's Health,fertility for beginners 2025 naturally
Vitamins & Supplements,best omega 3 for wellbeing
Vitamins & Supplements,natural ways to support collagen
Brain Health,foods that help clear cognitive decline
Men's Health,how to improve testosterone 2025
Immune System,best immune support for wellbeing 2025
Nutrition & Diet,foods that help support keto
Sleep & Recovery,deep sleep for beginners 2025
Brain Health,top brain fog supplements
Men's Health,what is the best erectile dysfunction? 2025
Nutrition & Diet,intermittent fasting for beginners
Weight Loss & Fat Burning,what is the best fat burning? 2025 naturally
Brain Health,best cognitive decline for mental clarity
Immune System,top zinc supplements 2025
Weight Loss & Fat Burning,what is the best weight loss? 2025
Weight Loss & Fat Burning,how to lose belly fat 2025
Immune System,what is the best immune boost? 2025
Women's Health,foods that help manage fertility naturally
Anti-Aging & Longevity,natural ways to prevent cellular health 2025
Brain Health,how to boost cognitive decline
Vitamins & Supplements,top magnesium supplements 2025
Vitamins & Supplements,ashwagandha for beginners
Fitness & Exercise,how to enhance cardio
Heart Health,cholesterol for beginners 2025
Anti-Aging & Longevity,best healthy aging for wellbeing
Fitness & Exercise,natural ways to support hiit
Immune System,natural ways to support zinc
Vitamins & Supplements,how to enhance omega 3 2025
Weight Loss & Fat Burning,how to boost weight loss naturally
Mental Health & Stress,mindfulness for beginners 2025
Women's Health,menopause for beginners
Women's Health,how to improve menopause naturally
Brain Health,natural ways to clear memory naturally
Heart Health,natural ways to support heart disease prevention naturally
Heart Health,how to boost heart disease prevention 2025
Vitamins & Supplements,best turmeric for health 2025
Anti-Aging & Longevity,benefits of longevity
Women's Health,natural ways to manage menopause
Men's Health,how to boost erectile dysfunction 2025
Brain Health,benefits of memory 2025
Mental Health & Stress,natural ways to manage meditation
Men's Health,foods that help support erectile dysfunction
Brain Health,focus for beginners
Brain Health,how to clear memory
Fitness & Exercise,natural ways to enhance yoga
Nutrition & Diet,benefits of keto
Mental Health & Stress,top stress relief supplements 2025
Weight Loss & Fat Burning,how to burn fat burning
Immune System,benefits of immune boost naturally
Nutrition & Diet,how to boost high-protein diet 2025
Women's Health,how to support menopause
Vitamins & Supplements,natural ways to improve omega 3
Vitamins & Supplements,how to boost ashwagandha naturally
Fitness & Exercise,what is the best yoga? naturally
Vitamins & Supplements,what is the best magnesium? 2025 naturally
Fitness & Exercise,strength training for beginners 2025
Vitamins & Supplements,best ashwagandha for wellbeing naturally
Women's Health,natural ways to manage hormone balance
Mental Health & Stress,how to manage anxiety naturally
Immune System,best zinc for wellbeing 2025
Sleep & Recovery,sleep quality for beginners
Immune System,benefits of immune support
Mental Health & Stress,benefits of meditation 2025
Weight Loss & Fat Burning,how to improve belly fat
Brain Health,best mental clarity for mental clarity naturally
Heart Health,how to improve omega 3 2025 naturally
Women's Health,natural ways to support menopause naturally
Fitness & Exercise,what is the best home workout? naturally
Mental Health & Stress,how to boost stress relief naturally
Brain Health,natural ways to clear mental clarity
Weight Loss & Fat Burning,how to reduce weight loss 2025
Brain Health,natural ways to enhance brain fog
Vitamins & Supplements,how to improve vitamin d 2025
Men's Health,how to boost prostate health
Anti-Aging & Longevity,how to prevent cellular health
Immune System,foods that help strengthen zinc
Fitness & Exercise,how to improve yoga naturally
Weight Loss & Fat Burning,natural ways to lose belly fat
Men's Health,how to support testosterone naturally
Men's Health,how to increase testosterone
Immune System,best vitamin c for health
Weight Loss & Fat Burning,natural ways to burn belly fat
Immune System,how to support zinc
Weight Loss & Fat Burning,how to improve weight loss
Brain Health,mental clarity for beginners naturally
Nutrition & Diet,plant-based for beginners
Sleep & Recovery,foods that help enhance melatonin
Women's Health,natural ways to balance fertility 2025
Weight Loss & Fat Burning,metabolism booster for beginners
Sleep & Recovery,what is the best sleep hygiene? naturally
Men's Health,what is the best testosterone? 2025
Sleep & Recovery,how to fix deep sleep
Vitamins & Supplements,foods that help improve vitamin d 2025 naturally
Immune System,what is the best zinc?
Nutrition & Diet,natural ways to support keto
Vitamins & Supplements,what is the best turmeric? 2025
Vitamins & Supplements,collagen for beginners
Nutrition & Diet,how to improve keto
Sleep & Recovery,best sleep quality for deep sleep
Vitamins & Supplements,foods that help support turmeric 2025
Vitamins & Supplements,how to boost vitamin d
Brain Health,foods that help enhance cognitive decline
Fitness & Exercise,foods that help improve yoga 2025
Mental Health & Stress,best cortisol for wellbeing
Fitness & Exercise,natural ways to enhance cardio 2025
Mental Health & Stress,how to manage meditation
Women's Health,top hormone balance supplements 2025
Immune System,foods that help support immune support 2025
Heart Health,top cholesterol supplements
Heart Health,omega 3 for beginners
Fitness & Exercise,what is the best cardio?
Vitamins & Supplements,top collagen supplements naturally
Women's Health,pcos for beginners
Heart Health,foods that help support cholesterol naturally
Nutrition & Diet,how to improve intermittent fasting 2025
Weight Loss & Fat Burning,how to boost fat burning naturally
Immune System,benefits of common cold
Mental Health & Stress,foods that help reduce anxiety
Fitness & Exercise,benefits of yoga naturally
Weight Loss & Fat Burning,natural ways to burn fat burning
Heart Health,best omega 3 for health 2025
Men's Health,how to improve erectile dysfunction 2025
Anti-Aging & Longevity,benefits of cellular health 2025 naturally
Heart Health,how to boost blood pressure
Weight Loss & Fat Burning,top fat burning supplements
Weight Loss & Fat Burning,weight loss for beginners
Vitamins & Supplements,turmeric for beginners naturally
Fitness & Exercise,top hiit supplements 2025 naturally
Weight Loss & Fat Burning,best fat burning for fat loss naturally
Heart Health,how to improve cholesterol naturally
Mental Health & Stress,foods that help manage cortisol naturally
Anti-Aging & Longevity,healthy aging for beginners naturally
Men's Health,top testosterone supplements
Brain Health,natural ways to clear focus 2025
Nutrition & Diet,best gut health for wellbeing
Weight Loss & Fat Burning,how to reduce belly fat 2025
Immune System,benefits of common cold naturally
Heart Health,natural ways to support blood pressure
Heart Health,top blood pressure supplements
Men's Health,benefits of prostate health 2025
Brain Health,natural ways to enhance focus naturally
Vitamins & Supplements,foods that help improve turmeric
Anti-Aging & Longevity,top healthy aging supplements
Immune System,zinc for beginners
Mental Health & Stress,how to manage mindfulness
Brain Health,focus for beginners 2025
Brain Health,benefits of brain fog naturally
Immune System,how to boost immune support naturally
Mental Health & Stress,benefits of meditation
Anti-Aging & Longevity,natural ways to prevent healthy aging
Brain Health,foods that help enhance mental clarity 2025
Immune System,how to boost vitamin c
Women's Health,best hormone balance for health
Heart Health,how to lower heart disease prevention
Heart Health,best heart disease prevention for wellbeing naturally
Sleep & Recovery,how to improve sleep hygiene
Mental Health & Stress,how to reduce stress relief
Brain Health,best focus for memory 2025
Vitamins & Supplements,foods that help support collagen
Immune System,how to strengthen common cold
Immune System,foods that help support zinc
Brain Health,top focus supplements 2025
Mental Health & Stress,foods that help calm meditation
Vitamins & Supplements,benefits of omega 3
Immune System,best immune support for wellbeing
Sleep & Recovery,benefits of deep sleep
Brain Health,natural ways to improve mental clarity
Fitness & Exercise,natural ways to enhance home workout
Vitamins & Supplements,how to boost turmeric naturally
Vitamins & Supplements,how to improve ashwagandha naturally
Weight Loss & Fat Burning,top metabolism booster supplements
Vitamins & Supplements,foods that help enhance omega 3 naturally
Women's Health,what is the best hormone balance? naturally
Heart Health,what is the best blood pressure?
Immune System,foods that help boost immune support naturally
Nutrition & Diet,foods that help enhance keto
Brain Health,natural ways to enhance mental clarity
Sleep & Recovery,natural ways to enhance sleep hygiene
Immune System,top vitamin c supplements 2025
Sleep & Recovery,what is the best deep sleep?
Heart Health,foods that help lower omega 3 2025
Heart Health,top blood pressure supplements 2025
Mental Health & Stress,best meditation for wellbeing
Women's Health,how to improve menopause
Women's Health,how to manage pcos
Sleep & Recovery,how to boost insomnia naturally
Nutrition & Diet,benefits of plant-based 2025
Mental Health & Stress,natural ways to calm cortisol
Sleep & Recovery,how to improve melatonin naturally
Mental Health & Stress,stress relief for beginners
Immune System,foods that help boost immune boost 2025 naturally
Nutrition & Diet,what is the best intermittent fasting?
Mental Health & Stress,natural ways to reduce mindfulness naturally
Fitness & Exercise,best yoga for muscle gain
Vitamins & Supplements,foods that help support magnesium
Weight Loss & Fat Burning,top fat burning supplements 2025
Brain Health,foods that help enhance mental clarity 2025 naturally
Heart Health,foods that help support heart disease prevention 2025
Fitness & Exercise,what is the best home workout?
Sleep & Recovery,benefits of sleep quality 2025
Vitamins & Supplements,natural ways to support ashwagandha
Mental Health & Stress,best anxiety for wellbeing
Mental Health & Stress,what is the best mindfulness?
Men's Health,foods that help increase erectile dysfunction
Immune System,how to boost common cold 2025
Sleep & Recovery,how to enhance sleep quality naturally
Women's Health,best pcos for wellbeing 2025
Nutrition & Diet,what is the best gut health?
Heart Health,how to boost heart disease prevention
Vitamins & Supplements,natural ways to support vitamin d 2025
Vitamins & Supplements,benefits of vitamin d 2025
Fitness & Exercise,natural ways to enhance strength training
Brain Health,natural ways to improve focus
Anti-Aging & Longevity,best cellular health for health 2025
Sleep & Recovery,how to fix melatonin
Vitamins & Supplements,how to improve collagen
Fitness & Exercise,best yoga for endurance
Sleep & Recovery,natural ways to fix insomnia
Fitness & Exercise,foods that help support yoga
Anti-Aging & Longevity,best healthy aging for health
Sleep & Recovery,what is the best insomnia? 2025
Immune System,benefits of zinc
Vitamins & Supplements,how to boost collagen 2025
Weight Loss & Fat Burning,what is the best fat burning?
Heart Health,how to lower omega 3 naturally
Nutrition & Diet,how to enhance keto naturally
Weight Loss & Fat Burning,how to lose belly fat
Immune System,foods that help strengthen immune boost naturally
Fitness & Exercise,how to support cardio 2025
Weight Loss & Fat Burning,top weight loss supplements
Immune System,best immune boost for health
Women's Health,natural ways to balance pcos
Weight Loss & Fat Burning,benefits of belly fat
Sleep & Recovery,benefits of melatonin
Vitamins & Supplements,top vitamin d supplements naturally
Weight Loss & Fat Burning,foods that help reduce fat burning 2025
Men's Health,how to boost testosterone 2025 naturally
Fitness & Exercise,top home workout supplements 2025
Heart Health,natural ways to improve cholesterol 2025
Brain Health,natural ways to clear memory
Heart Health,top omega 3 supplements
Weight Loss & Fat Burning,how to burn weight loss 2025
Women's Health,fertility for beginners 2025
Weight Loss & Fat Burning,natural ways to reduce belly fat
Women's Health,top fertility supplements 2025 naturally
Mental Health & Stress,foods that help reduce meditation
Fitness & Exercise,how to boost yoga
Sleep & Recovery,top insomnia supplements 2025
Mental Health & Stress,best meditation for health
Mental Health & Stress,best anxiety for health naturally
Men's Health,natural ways to support erectile dysfunction
Men's Health,testosterone for beginners
Vitamins & Supplements,what is the best magnesium?
Heart Health,foods that help lower omega 3
Brain Health,benefits of cognitive decline
Nutrition & Diet,natural ways to enhance plant-based
Vitamins & Supplements,natural ways to enhance turmeric 2025
Brain Health,benefits of mental clarity naturally
Brain Health,brain fog for beginners
Heart Health,foods that help support cholesterol
Vitamins & Supplements,how to enhance vitamin d
Fitness & Exercise,foods that help enhance cardio
Immune System,top immune boost supplements
Men's Health,how to improve prostate health 2025
Women's Health,how to boost menopause
Mental Health & Stress,what is the best anxiety?
Brain Health,best brain fog for mental clarity
Women's Health,foods that help balance hormone balance
Sleep & Recovery,foods that help improve sleep quality
Heart Health,how to lower omega 3
Immune System,best common cold for wellbeing naturally
Anti-Aging & Longevity,how to improve cellular health
Nutrition & Diet,foods that help support intermittent fasting
Fitness & Exercise,foods that help improve yoga
Mental Health & Stress,how to improve anxiety 2025
Men's Health,how to improve prostate health
Anti-Aging & Longevity,best cellular health for wellbeing
Women's Health,foods that help support hormone balance 2025
Vitamins & Supplements,how to boost turmeric 2025
Fitness & Exercise,natural ways to improve hiit
Nutrition & Diet,how to improve intermittent fasting naturally
Vitamins & Supplements,how to enhance turmeric 2025
Mental Health & Stress,stress relief for beginners 2025
Weight Loss & Fat Burning,how to burn weight loss
Fitness & Exercise,top cardio supplements 2025
Weight Loss & Fat Burning,foods that help reduce metabolism booster naturally
Immune System,immune boost for beginners 2025
Brain Health,foods that help clear memory
Nutrition & Diet,top plant-based supplements
Mental Health & Stress,how to improve stress relief naturally
Nutrition & Diet,what is the best high-protein diet? 2025
Nutrition & Diet,natural ways to enhance gut health
Heart Health,how to improve cholesterol 2025
Anti-Aging & Longevity,natural ways to slow healthy aging
Mental Health & Stress,how to boost mindfulness 2025
Brain Health,how to clear memory 2025
Fitness & Exercise,how to boost yoga 2025
Vitamins & Supplements,foods that help enhance turmeric
Vitamins & Supplements,foods that help support vitamin d
Nutrition & Diet,best plant-based for wellbeing naturally
Fitness & Exercise,benefits of cardio
Sleep & Recovery,foods that help improve sleep hygiene
Brain Health,how to clear mental clarity 2025
Mental Health & Stress,top cortisol supplements
Sleep & Recovery,how to fix sleep quality
Brain Health,best memory for memory 2025
Vitamins & Supplements,what is the best ashwagandha? naturally
Vitamins & Supplements,best turmeric for health naturally
Women's Health,natural ways to support fertility
Vitamins & Supplements,how to support ashwagandha
Mental Health & Stress,top cortisol supplements naturally
Mental Health & Stress,how to manage cortisol
Men's Health,how to improve erectile dysfunction
Mental Health & Stress,benefits of meditation naturally
Nutrition & Diet,natural ways to improve high-protein diet 2025
Anti-Aging & Longevity,what is the best healthy aging? 2025
Heart Health,natural ways to improve omega 3
Vitamins & Supplements,foods that help improve collagen
Immune System,how to strengthen immune boost 2025
Vitamins & Supplements,how to enhance collagen naturally
Vitamins & Supplements,how to improve ashwagandha
Weight Loss & Fat Burning,foods that help reduce belly fat 2025
Brain Health,top brain fog supplements 2025
Anti-Aging & Longevity,foods that help prevent longevity
Brain Health,how to improve brain fog
Fitness & Exercise,top hiit supplements
Anti-Aging & Longevity,top anti aging supplements 2025
Fitness & Exercise,best hiit for endurance 2025
Fitness & Exercise,how to enhance strength training
Vitamins & Supplements,what is the best collagen?
Weight Loss & Fat Burning,what is the best belly fat?
Heart Health,how to support blood pressure 2025
Fitness & Exercise,natural ways to support yoga
Brain Health,how to boost focus
Nutrition & Diet,best gut health for health 2025
Fitness & Exercise,best home workout for muscle gain naturally
Women's Health,hormone balance for beginners
Mental Health & Stress,how to manage cortisol naturally
Women's Health,natural ways to balance pcos 2025
Women's Health,how to manage menopause
Sleep & Recovery,how to improve melatonin
Heart Health,best blood pressure for wellbeing 2025
Women's Health,foods that help support menopause naturally
Women's Health,how to boost hormone balance
Brain Health,foods that help enhance brain fog
Brain Health,what is the best brain fog?
Weight Loss & Fat Burning,natural ways to lose weight loss naturally
Women's Health,natural ways to support menopause
Mental Health & Stress,best cortisol for wellbeing naturally
Mental Health & Stress,natural ways to manage anxiety
Anti-Aging & Longevity,how to boost anti aging
Heart Health,what is the best omega 3? naturally
Vitamins & Supplements,foods that help support ashwagandha 2025
Vitamins & Supplements,benefits of ashwagandha naturally
Vitamins & Supplements,best vitamin d for wellbeing 2025
Nutrition & Diet,gut health for beginners 2025
Anti-Aging & Longevity,benefits of cellular health
Fitness & Exercise,benefits of cardio naturally
Women's Health,how to balance pcos
Nutrition & Diet,best high-protein diet for health 2025
Immune System,benefits of vitamin c 2025
Weight Loss & Fat Burning,benefits of weight loss 2025
Women's Health,benefits of fertility 2025
Mental Health & Stress,benefits of cortisol
Fitness & Exercise,how to boost strength training
Nutrition & Diet,how to enhance gut health 2025
Heart Health,foods that help lower blood pressure
Vitamins & Supplements,foods that help enhance probiotics
Vitamins & Supplements,how to enhance probiotics 2025 naturally
Heart Health,best cholesterol for wellbeing
Fitness & Exercise,best strength training for muscle gain 2025
Vitamins & Supplements,how to enhance probiotics naturally
Sleep & Recovery,natural ways to enhance melatonin
Weight Loss & Fat Burning,benefits of weight loss
Brain Health,best memory for memory naturally
Weight Loss & Fat Burning,best fat burning for fat loss
Brain Health,what is the best memory? 2025
Nutrition & Diet,top high-protein diet supplements naturally
Weight Loss & Fat Burning,natural ways to reduce weight loss naturally
Immune System,natural ways to support common cold
Weight Loss & Fat Burning,foods that help lose belly fat 2025 naturally
Immune System,top common cold supplements 2025 naturally
Vitamins & Supplements,how to improve probiotics 2025
Immune System,what is the best zinc? naturally
Brain Health,how to clear cognitive decline
Women's Health,top menopause supplements naturally
Immune System,best common cold for wellbeing
Sleep & Recovery,how to boost sleep quality 2025
Weight Loss & Fat Burning,natural ways to reduce fat burning
Nutrition & Diet,best keto for health 2025 naturally
Immune System,foods that help boost vitamin c
Weight Loss & Fat Burning,how to boost metabolism booster 2025
Fitness & Exercise,how to support home workout naturally
Anti-Aging & Longevity,best cellular health for health 2025 naturally
Women's Health,benefits of pcos naturally
Women's Health,how to boost hormone balance naturally
Heart Health,how to boost omega 3 naturally
Mental Health & Stress,top meditation supplements naturally
Weight Loss & Fat Burning,what is the best weight loss?
Vitamins & Supplements,how to boost omega 3 naturally
Anti-Aging & Longevity,how to improve healthy aging
Immune System,how to improve vitamin c
Fitness & Exercise,benefits of strength training
Mental Health & Stress,how to boost anxiety
Fitness & Exercise,foods that help improve strength training 2025
Nutrition & Diet,plant-based for beginners 2025
Women's Health,how to improve hormone balance 2025
Women's Health,best menopause for health naturally
Heart Health,natural ways to lower heart disease prevention naturally
Heart Health,top omega 3 supplements 2025
Heart Health,benefits of blood pressure
Immune System,what is the best immune support? 2025
Men's Health,best prostate health for health
Sleep & Recovery,top melatonin supplements
Fitness & Exercise,how to enhance strength training naturally
Weight Loss & Fat Burning,foods that help lose fat burning
Men's Health,best erectile dysfunction for health 2025 naturally
Sleep & Recovery,natural ways to improve melatonin
Mental Health & Stress,benefits of anxiety 2025
Weight Loss & Fat Burning,foods that help burn metabolism booster
Mental Health & Stress,what is the best anxiety? 2025
Heart Health,omega 3 for beginners 2025
Anti-Aging & Longevity,natural ways to slow longevity
Fitness & Exercise,foods that help enhance strength training 2025
Fitness & Exercise,natural ways to improve cardio 2025
Nutrition & Diet,what is the best high-protein diet?
Immune System,natural ways to support immune support
Anti-Aging & Longevity,healthy aging for beginners 2025
Heart Health,cholesterol for beginners naturally
Anti-Aging & Longevity,how to slow anti aging
Brain Health,natural ways to clear focus
Heart Health,best heart disease prevention for wellbeing 2025 naturally
Brain Health,best brain fog for memory
Men's Health,testosterone for beginners naturally
Nutrition & Diet,best intermittent fasting for wellbeing
Mental Health & Stress,what is the best cortisol? 2025
Mental Health & Stress,benefits of cortisol 2025
Heart Health,blood pressure for beginners naturally
Nutrition & Diet,intermittent fasting for beginners 2025
Heart Health,how to boost blood pressure 2025
Fitness & Exercise,how to support cardio
Fitness & Exercise,natural ways to enhance hiit
Men's Health,natural ways to increase erectile dysfunction
Brain Health,foods that help enhance brain fog 2025
Mental Health & Stress,best meditation for health 2025
Vitamins & Supplements,how to boost omega 3 2025
Mental Health & Stress,natural ways to calm anxiety 2025
Sleep & Recovery,sleep hygiene for beginners
Immune System,natural ways to support vitamin c
Immune System,how to support immune boost
Vitamins & Supplements,top ashwagandha supplements
Vitamins & Supplements,how to improve vitamin d
Brain Health,memory for beginners 2025
Brain Health,foods that help enhance focus
Nutrition & Diet,how to enhance plant-based
Mental Health & Stress,how to improve stress relief
Vitamins & Supplements,natural ways to enhance turmeric
Weight Loss & Fat Burning,what is the best metabolism booster?
Brain Health,best mental clarity for mental clarity
Men's Health,foods that help increase testosterone naturally
Weight Loss & Fat Burning,best belly fat for weight loss 2025
Women's Health,benefits of hormone balance
Women's Health,foods that help balance menopause 2025 naturally
Heart Health,heart disease prevention for beginners 2025
Mental Health & Stress,mindfulness for beginners naturally
Nutrition & Diet,how to support plant-based naturally
Fitness & Exercise,how to improve cardio naturally
Immune System,foods that help boost zinc naturally
Mental Health & Stress,natural ways to calm mindfulness naturally
Weight Loss & Fat Burning,how to boost fat burning 2025
Heart Health,best blood pressure for wellbeing
Weight Loss & Fat Burning,how to improve fat burning naturally
Vitamins & Supplements,how to improve turmeric
Mental Health & Stress,natural ways to reduce anxiety
Weight Loss & Fat Burning,belly fat for beginners
Nutrition & Diet,foods that help enhance gut health naturally
Vitamins & Supplements,natural ways to support magnesium naturally
Sleep & Recovery,natural ways to fix deep sleep
Fitness & Exercise,foods that help improve strength training naturally
Nutrition & Diet,top plant-based supplements 2025
Fitness & Exercise,what is the best strength training?
Sleep & Recovery,foods that help fix sleep hygiene naturally
Mental Health & Stress,top meditation supplements 2025 naturally
Immune System,how to improve immune boost
Women's Health,foods that help balance menopause
Weight Loss & Fat Burning,benefits of fat burning
Immune System,foods that help support zinc naturally
Brain Health,how to boost brain fog 2025
Brain Health,how to boost memory
Nutrition & Diet,foods that help improve high-protein diet 2025
Anti-Aging & Longevity,best longevity for health
Mental Health & Stress,how to improve anxiety naturally
Sleep & Recovery,foods that help enhance sleep hygiene 2025
Heart Health,how to lower heart disease prevention naturally
Vitamins & Supplements,natural ways to enhance ashwagandha
Brain Health,foods that help improve cognitive decline 2025
Men's Health,best prostate health for wellbeing naturally
Vitamins & Supplements,foods that help support ashwagandha
Fitness & Exercise,what is the best hiit?
Sleep & Recovery,foods that help enhance insomnia
Brain Health,benefits of mental clarity
Fitness & Exercise,what is the best hiit? 2025
Mental Health & Stress,foods that help manage meditation
Mental Health & Stress,how to reduce cortisol 2025
Weight Loss & Fat Burning,best fat burning for weight loss
Mental Health & Stress,natural ways to reduce cortisol
Weight Loss & Fat Burning,how to boost belly fat
Fitness & Exercise,top yoga supplements 2025
Mental Health & Stress,what is the best stress relief? naturally
Anti-Aging & Longevity,benefits of anti aging 2025
Women's Health,how to improve fertility 2025
Nutrition & Diet,benefits of gut health 2025
Vitamins & Supplements,probiotics for beginners
Men's Health,natural ways to support prostate health 2025
Fitness & Exercise,how to boost hiit
Brain Health,what is the best brain fog? naturally
Fitness & Exercise,top cardio supplements naturally
Immune System,natural ways to support zinc naturally
Fitness & Exercise,how to improve home workout
Men's Health,how to boost erectile dysfunction 2025 naturally
Nutrition & Diet,natural ways to support intermittent fasting 2025
Heart Health,best cholesterol for health naturally
Vitamins & Supplements,top probiotics supplements
Men's Health,foods that help increase prostate health
Women's Health,benefits of hormone balance 2025
Nutrition & Diet,best keto for wellbeing 2025
Heart Health,heart disease prevention for beginners
Immune System,zinc for beginners 2025
Anti-Aging & Longevity,how to improve cellular health naturally
Immune System,benefits of vitamin c
Nutrition & Diet,natural ways to support intermittent fasting
Sleep & Recovery,foods that help improve insomnia 2025
Women's Health,what is the best pcos? 2025
Sleep & Recovery,how to boost melatonin 2025
Mental Health & Stress,benefits of anxiety
Fitness & Exercise,natural ways to improve strength training
Mental Health & Stress,natural ways to reduce anxiety 2025
Brain Health,foods that help improve memory
Nutrition & Diet,foods that help enhance gut health 2025
Brain Health,what is the best mental clarity?
Vitamins & Supplements,how to improve ashwagandha 2025 naturally
Women's Health,how to support fertility naturally
Men's Health,benefits of testosterone 2025
Immune System,top common cold supplements
Heart Health,top blood pressure supplements naturally
Nutrition & Diet,top high-protein diet supplements 2025
Heart Health,best omega 3 for health
Sleep & Recovery,natural ways to enhance insomnia
Anti-Aging & Longevity,anti aging for beginners
Vitamins & Supplements,best probiotics for health naturally
Brain Health,how to improve mental clarity 2025
Women's Health,what is the best hormone balance?
Mental Health & Stress,natural ways to manage anxiety naturally
Mental Health & Stress,foods that help calm anxiety
Brain Health,natural ways to clear cognitive decline
Women's Health,top fertility supplements naturally
Men's Health,benefits of prostate health naturally
Men's Health,foods that help support testosterone
Men's Health,top prostate health supplements 2025
Brain Health,natural ways to improve cognitive decline
Vitamins & Supplements,natural ways to enhance collagen naturally
Immune System,how to boost immune support
Vitamins & Supplements,natural ways to improve omega 3 2025
Immune System,best vitamin c for wellbeing
Weight Loss & Fat Burning,natural ways to lose metabolism booster naturally
Mental Health & Stress,what is the best stress relief? 2025
Vitamins & Supplements,top omega 3 supplements
Women's Health,what is the best menopause?
Fitness & Exercise,best hiit for endurance
Women's Health,benefits of fertility
Women's Health,benefits of menopause
Men's Health,natural ways to boost testosterone
Vitamins & Supplements,how to improve probiotics naturally
Mental Health & Stress,foods that help reduce stress relief
Fitness & Exercise,natural ways to improve home workout
Heart Health,foods that help improve omega 3
Vitamins & Supplements,ashwagandha for beginners 2025 naturally
Immune System,how to support immune support
Nutrition & Diet,how to improve intermittent fasting
Mental Health & Stress,foods that help manage stress relief 2025
Nutrition & Diet,how to boost gut health
Weight Loss & Fat Burning,foods that help lose fat burning 2025
Vitamins & Supplements,what is the best ashwagandha? 2025
Mental Health & Stress,how to reduce stress relief 2025
Women's Health,best menopause for wellbeing
Anti-Aging & Longevity,best anti aging for wellbeing 2025
Brain Health,best focus for memory
Heart Health,foods that help support omega 3
Nutrition & Diet,how to boost gut health naturally
Vitamins & Supplements,top ashwagandha supplements 2025
Fitness & Exercise,natural ways to enhance home workout naturally
Heart Health,how to boost omega 3
Vitamins & Supplements,best turmeric for health
Vitamins & Supplements,benefits of magnesium
Heart Health,best cholesterol for health
Women's Health,how to improve fertility naturally
Mental Health & Stress,foods that help calm stress relief
Nutrition & Diet,best plant-based for wellbeing
Immune System,what is the best immune support?
Fitness & Exercise,yoga for beginners
Immune System,natural ways to boost vitamin c
Vitamins & Supplements,what is the best ashwagandha?
Women's Health,benefits of menopause 2025
Mental Health & Stress,foods that help reduce cortisol
Immune System,foods that help strengthen vitamin c
Weight Loss & Fat Burning,how to reduce fat burning 2025
Women's Health,how to boost pcos
Anti-Aging & Longevity,what is the best cellular health? 2025
Vitamins & Supplements,foods that help enhance omega 3
Fitness & Exercise,how to improve hiit 2025
Weight Loss & Fat Burning,best metabolism booster for weight loss
Weight Loss & Fat Burning,natural ways to reduce fat burning naturally
Fitness & Exercise,cardio for beginners
Women's Health,how to support hormone balance
Brain Health,best cognitive decline for memory
Heart Health,how to improve heart disease prevention 2025
Mental Health & Stress,natural ways to manage cortisol
Brain Health,how to improve focus 2025
Fitness & Exercise,foods that help improve hiit naturally
Nutrition & Diet,keto for beginners naturally
Mental Health & Stress,benefits of mindfulness
Fitness & Exercise,benefits of hiit 2025
Vitamins & Supplements,top magnesium supplements
Sleep & Recovery,foods that help enhance deep sleep
Nutrition & Diet,natural ways to support plant-based
Fitness & Exercise,what is the best yoga?
Immune System,best zinc for health
Weight Loss & Fat Burning,foods that help lose metabolism booster 2025
Heart Health,what is the best blood pressure? naturally
Nutrition & Diet,foods that help enhance keto naturally
Mental Health & Stress,natural ways to manage stress relief naturally
Vitamins & Supplements,how to boost turmeric
Anti-Aging & Longevity,cellular health for beginners
Weight Loss & Fat Burning,foods that help burn belly fat
Men's Health,how to increase prostate health naturally
Men's Health,natural ways to increase prostate health
Heart Health,best heart disease prevention for health
Weight Loss & Fat Burning,what is the best metabolism booster? naturally
Vitamins & Supplements,natural ways to enhance vitamin d
Mental Health & Stress,stress relief for beginners 2025 naturally
Brain Health,how to enhance focus naturally
Fitness & Exercise,how to improve yoga
Immune System,how to support vitamin c
Men's Health,natural ways to boost prostate health
Anti-Aging & Longevity,benefits of healthy aging 2025
Immune System,best common cold for health
Brain Health,natural ways to enhance memory 2025
Sleep & Recovery,benefits of deep sleep 2025
Fitness & Exercise,best home workout for muscle gain 2025
Immune System,foods that help boost zinc
Women's Health,top hormone balance supplements naturally
Weight Loss & Fat Burning,benefits of fat burning naturally
Vitamins & Supplements,best ashwagandha for health
Fitness & Exercise,foods that help support cardio
Nutrition & Diet,what is the best intermittent fasting? naturally
Brain Health,how to enhance focus
Anti-Aging & Longevity,natural ways to prevent anti aging 2025 naturally
Vitamins & Supplements,natural ways to enhance magnesium
Women's Health,natural ways to manage hormone balance 2025 naturally
Fitness & Exercise,foods that help support hiit
Vitamins & Supplements,foods that help improve omega 3
Sleep & Recovery,how to boost sleep quality
Nutrition & Diet,how to boost gut health 2025
Men's Health,top testosterone supplements 2025 naturally
Fitness & Exercise,what is the best strength training? 2025
Fitness & Exercise,yoga for beginners 2025 naturally
Mental Health & Stress,how to reduce mindfulness
Men's Health,how to boost erectile dysfunction
Women's Health,best menopause for wellbeing naturally
Sleep & Recovery,how to improve insomnia
Heart Health,what is the best omega 3?
Nutrition & Diet,foods that help enhance intermittent fasting 2025
Men's Health,what is the best prostate health?
Sleep & Recovery,natural ways to fix sleep quality naturally
Anti-Aging & Longevity,what is the best longevity? 2025
Mental Health & Stress,how to manage stress relief naturally
Vitamins & Supplements,what is the best probiotics? 2025
Nutrition & Diet,how to boost plant-based naturally
Men's Health,foods that help support prostate health
Nutrition & Diet,natural ways to enhance gut health 2025
Nutrition & Diet,top gut health supplements naturally
Fitness & Exercise,foods that help improve cardio
Vitamins & Supplements,how to enhance collagen
Vitamins & Supplements,foods that help enhance magnesium
Brain Health,foods that help clear focus
Brain Health,top mental clarity supplements 2025
Anti-Aging & Longevity,how to slow healthy aging
Women's Health,natural ways to manage fertility 2025
Fitness & Exercise,foods that help enhance strength training
Brain Health,top memory supplements
Brain Health,top cognitive decline supplements 2025
Fitness & Exercise,benefits of strength training naturally
Nutrition & Diet,natural ways to support gut health 2025 naturally
Women's Health,benefits of menopause 2025 naturally
Immune System,best immune support for health
Women's Health,natural ways to support hormone balance
Anti-Aging & Longevity,foods that help prevent healthy aging naturally
Nutrition & Diet,benefits of intermittent fasting 2025
Immune System,natural ways to strengthen zinc
Nutrition & Diet,high-protein diet for beginners 2025
Women's Health,how to boost menopause naturally
Women's Health,how to balance menopause
Women's Health,what is the best fertility?
Mental Health & Stress,top stress relief supplements
Nutrition & Diet,foods that help improve intermittent fasting
Anti-Aging & Longevity,how to slow cellular health
Anti-Aging & Longevity,longevity for beginners
Brain Health,how to enhance cognitive decline
Women's Health,how to improve menopause 2025
Fitness & Exercise,benefits of hiit 2025 naturally
Vitamins & Supplements,turmeric for beginners 2025
Vitamins & Supplements,best magnesium for wellbeing
Vitamins & Supplements,foods that help enhance turmeric naturally
Brain Health,foods that help improve brain fog
Women's Health,how to balance hormone balance 2025
Anti-Aging & Longevity,best longevity for health naturally
Brain Health,foods that help improve cognitive decline
Sleep & Recovery,how to fix insomnia
Sleep & Recovery,best sleep hygiene for deep sleep
Men's Health,what is the best testosterone? naturally
Anti-Aging & Longevity,foods that help prevent anti aging
Brain Health,best cognitive decline for memory 2025
Mental Health & Stress,how to improve cortisol
Women's Health,top fertility supplements 2025
Men's Health,benefits of erectile dysfunction naturally
Brain Health,what is the best memory?
Vitamins & Supplements,how to boost ashwagandha 2025
Mental Health & Stress,how to boost cortisol naturally
Nutrition & Diet,benefits of high-protein diet
Men's Health,what is the best testosterone?
Heart Health,natural ways to improve blood pressure
Fitness & Exercise,natural ways to improve hiit 2025
Anti-Aging & Longevity,natural ways to prevent longevity naturally
Women's Health,what is the best fertility? 2025 naturally
Weight Loss & Fat Burning,top belly fat supplements naturally
Anti-Aging & Longevity,how to boost healthy aging
Mental Health & Stress,best meditation for wellbeing 2025
Women's Health,foods that help support menopause
Mental Health & Stress,how to reduce anxiety
Brain Health,how to clear cognitive decline 2025
Nutrition & Diet,benefits of keto naturally
Vitamins & Supplements,best ashwagandha for wellbeing
Men's Health,foods that help support testosterone 2025
Sleep & Recovery,best sleep quality for deep sleep naturally
Mental Health & Stress,foods that help calm cortisol
Nutrition & Diet,how to improve keto 2025
Fitness & Exercise,foods that help enhance cardio naturally
Fitness & Exercise,best yoga for muscle gain naturally
Immune System,how to boost immune boost 2025
Immune System,how to boost common cold
Vitamins & Supplements,natural ways to improve turmeric
Vitamins & Supplements,omega 3 for beginners 2025
Vitamins & Supplements,how to improve vitamin d naturally
Weight Loss & Fat Burning,foods that help lose weight loss
Vitamins & Supplements,benefits of ashwagandha 2025
Mental Health & Stress,how to boost anxiety naturally
Heart Health,how to support heart disease prevention naturally
Weight Loss & Fat Burning,benefits of metabolism booster
Heart Health,foods that help support blood pressure 2025
Fitness & Exercise,benefits of cardio 2025
Weight Loss & Fat Burning,top weight loss supplements 2025
Women's Health,how to manage fertility
Women's Health,how to boost fertility 2025
Sleep & Recovery,how to boost insomnia 2025
Nutrition & Diet,what is the best plant-based? 2025
Vitamins & Supplements,best turmeric for wellbeing
Nutrition & Diet,benefits of plant-based naturally
Sleep & Recovery,natural ways to fix melatonin naturally
Nutrition & Diet,intermittent fasting for beginners 2025 naturally
Men's Health,best prostate health for wellbeing
Anti-Aging & Longevity,top cellular health supplements
Vitamins & Supplements,how to support probiotics
Vitamins & Supplements,how to improve probiotics
Women's Health,how to manage fertility naturally
Nutrition & Diet,foods that help enhance intermittent fasting
Vitamins & Supplements,natural ways to improve probiotics
Vitamins & Supplements,how to improve turmeric naturally
Immune System,natural ways to boost immune boost
Fitness & Exercise,how to boost cardio 2025
Brain Health,top cognitive decline supplements
Women's Health,how to support pcos
Immune System,best immune boost for wellbeing
Vitamins & Supplements,best vitamin d for health
Brain Health,natural ways to enhance cognitive decline
Women's Health,foods that help support fertility naturally
Heart Health,top blood pressure supplements 2025 naturally
Nutrition & Diet,natural ways to improve plant-based 2025
Anti-Aging & Longevity,what is the best longevity?
Immune System,natural ways to strengthen zinc naturally
Vitamins & Supplements,best collagen for wellbeing
Nutrition & Diet,how to improve keto naturally
Sleep & Recovery,how to enhance insomnia
Vitamins & Supplements,natural ways to improve collagen 2025 naturally
Weight Loss & Fat Burning,best fat burning for fat loss 2025
Sleep & Recovery,natural ways to improve insomnia
Fitness & Exercise,foods that help enhance home workout 2025
Vitamins & Supplements,top turmeric supplements
Anti-Aging & Longevity,how to prevent longevity 2025
Mental Health & Stress,what is the best cortisol?
Vitamins & Supplements,ashwagandha for beginners 2025
Sleep & Recovery,what is the best deep sleep? naturally
Fitness & Exercise,foods that help enhance yoga
Weight Loss & Fat Burning,natural ways to lose fat burning
Mental Health & Stress,how to reduce meditation
Vitamins & Supplements,collagen for beginners 2025
Vitamins & Supplements,natural ways to support probiotics
Vitamins & Supplements,best omega 3 for health
Heart Health,best heart disease prevention for wellbeing
Vitamins & Supplements,foods that help enhance vitamin d 2025
Brain Health,what is the best cognitive decline?
Anti-Aging & Longevity,benefits of healthy aging
Anti-Aging & Longevity,benefits of anti aging
Vitamins & Supplements,benefits of probiotics 2025
Fitness & Exercise,how to improve cardio
Anti-Aging & Longevity,how to prevent healthy aging
Sleep & Recovery,how to boost insomnia
Fitness & Exercise,natural ways to enhance hiit naturally
Mental Health & Stress,what is the best cortisol? naturally
Sleep & Recovery,foods that help fix sleep quality
Heart Health,how to lower blood pressure
Heart Health,foods that help improve blood pressure
Weight Loss & Fat Burning,benefits of metabolism booster naturally
Fitness & Exercise,foods that help support home workout
Heart Health,best blood pressure for health
Immune System,what is the best zinc? 2025
Sleep & Recovery,benefits of sleep hygiene
Mental Health & Stress,how to improve meditation naturally
Weight Loss & Fat Burning,natural ways to reduce weight loss 2025
Anti-Aging & Longevity,how to improve anti aging
Weight Loss & Fat Burning,natural ways to burn metabolism booster 2025
Women's Health,foods that help manage pcos 2025
Vitamins & Supplements,benefits of ashwagandha
Fitness & Exercise,strength training for beginners naturally
Nutrition & Diet,how to boost keto
Mental Health & Stress,how to manage mindfulness naturally
Immune System,how to support common cold
Nutrition & Diet,natural ways to enhance high-protein diet
Fitness & Exercise,natural ways to support home workout 2025
Brain Health,foods that help improve mental clarity
Weight Loss & Fat Burning,foods that help burn fat burning
Nutrition & Diet,how to enhance plant-based naturally
Anti-Aging & Longevity,natural ways to prevent anti aging
Heart Health,natural ways to support cholesterol
Immune System,natural ways to boost vitamin c 2025 naturally
Mental Health & Stress,top anxiety supplements
Men's Health,how to improve testosterone
Nutrition & Diet,what is the best gut health? naturally
Vitamins & Supplements,foods that help improve magnesium naturally
Men's Health,natural ways to increase testosterone 2025 naturally
Vitamins & Supplements,natural ways to support turmeric
Vitamins & Supplements,collagen for beginners naturally
Nutrition & Diet,top intermittent fasting supplements naturally
Heart Health,what is the best heart disease prevention?
Anti-Aging & Longevity,what is the best anti aging? 2025 naturally
Anti-Aging & Longevity,best cellular health for wellbeing 2025 naturally
Women's Health,natural ways to balance hormone balance
Women's Health,best fertility for wellbeing
Mental Health & Stress,natural ways to reduce mindfulness
Vitamins & Supplements,benefits of magnesium 2025
Weight Loss & Fat Burning,foods that help reduce metabolism booster
Women's Health,best pcos for wellbeing
Weight Loss & Fat Burning,foods that help burn fat burning 2025
Immune System,foods that help support vitamin c 2025
Weight Loss & Fat Burning,how to reduce metabolism booster
Immune System,benefits of zinc 2025
Women's Health,foods that help balance hormone balance 2025
Weight Loss & Fat Burning,how to lose weight loss naturally
Brain Health,natural ways to improve mental clarity naturally
Nutrition & Diet,natural ways to improve gut health
Vitamins & Supplements,best magnesium for health 2025
Anti-Aging & Longevity,best longevity for wellbeing
Sleep & Recovery,best sleep hygiene for deep sleep naturally
Anti-Aging & Longevity,foods that help slow healthy aging
Mental Health & Stress,meditation for beginners 2025
Brain Health,foods that help improve focus
Brain Health,how to clear focus
Vitamins & Supplements,benefits of vitamin d
Vitamins & Supplements,foods that help enhance vitamin d
Men's Health,best erectile dysfunction for health
Weight Loss & Fat Burning,weight loss for beginners 2025 naturally
Mental Health & Stress,top mindfulness supplements
Immune System,foods that help strengthen immune boost 2025
Sleep & Recovery,top sleep quality supplements
Brain Health,how to clear brain fog
Vitamins & Supplements,best collagen for wellbeing 2025
Sleep & Recovery,natural ways to improve sleep hygiene
Weight Loss & Fat Burning,how to boost metabolism booster
Nutrition & Diet,best intermittent fasting for health 2025
Mental Health & Stress,how to improve mindfulness
Men's Health,natural ways to boost testosterone naturally
Heart Health,benefits of blood pressure 2025
Anti-Aging & Longevity,natural ways to prevent longevity
Men's Health,testosterone for beginners 2025 naturally
Anti-Aging & Longevity,best healthy aging for wellbeing naturally
Women's Health,how to boost pcos naturally
Vitamins & Supplements,vitamin d for beginners 2025
Brain Health,how to clear mental clarity
Brain Health,what is the best brain fog? 2025
Vitamins & Supplements,benefits of omega 3 2025
Immune System,what is the best immune support? naturally
Sleep & Recovery,natural ways to fix sleep hygiene 2025
Mental Health & Stress,natural ways to manage mindfulness
Fitness & Exercise,top home workout supplements 2025 naturally
Fitness & Exercise,top strength training supplements naturally
Fitness & Exercise,natural ways to enhance yoga naturally
Vitamins & Supplements,how to boost magnesium 2025
Mental Health & Stress,what is the best anxiety? 2025 naturally
Fitness & Exercise,natural ways to improve strength training 2025
Nutrition & Diet,what is the best high-protein diet? naturally
Weight Loss & Fat Burning,natural ways to lose metabolism booster
Women's Health,fertility for beginners naturally
Fitness & Exercise,home workout for beginners
Mental Health & Stress,best mindfulness for wellbeing naturally
Weight Loss & Fat Burning,how to lose fat burning 2025
Immune System,foods that help boost common cold 2025 naturally
Mental Health & Stress,how to improve meditation 2025
Vitamins & Supplements,how to improve ashwagandha 2025
Weight Loss & Fat Burning,how to improve weight loss naturally
Heart Health,how to improve blood pressure
Nutrition & Diet,gut health for beginners
Vitamins & Supplements,how to enhance vitamin d 2025
Brain Health,cognitive decline for beginners 2025
Anti-Aging & Longevity,top longevity supplements
Men's Health,top erectile dysfunction supplements naturally
Vitamins & Supplements,natural ways to support omega 3 2025
Mental Health & Stress,how to improve meditation
Immune System,how to strengthen immune support naturally
Fitness & Exercise,top strength training supplements
Vitamins & Supplements,what is the best magnesium? naturally
Men's Health,best testosterone for wellbeing
Women's Health,how to boost fertility
Brain Health,how to improve memory 2025 naturally
Men's Health,foods that help boost erectile dysfunction
Weight Loss & Fat Burning,natural ways to burn metabolism booster
Women's Health,benefits of fertility 2025 naturally
Sleep & Recovery,natural ways to enhance deep sleep naturally
Vitamins & Supplements,benefits of turmeric
Vitamins & Supplements,foods that help support turmeric
Mental Health & Stress,best stress relief for wellbeing 2025
Women's Health,best pcos for health
Men's Health,how to boost prostate health 2025
Fitness & Exercise,how to improve home workout naturally
Nutrition & Diet,benefits of high-protein diet naturally
Mental Health & Stress,best mindfulness for health 2025
Vitamins & Supplements,best turmeric for wellbeing naturally
Heart Health,benefits of cholesterol
Women's Health,how to support menopause 2025
Mental Health & Stress,how to calm cortisol naturally
Mental Health & Stress,foods that help reduce mindfulness 2025
Vitamins & Supplements,natural ways to support vitamin d
Nutrition & Diet,top keto supplements naturally
Brain Health,best focus for mental clarity
Brain Health,top mental clarity supplements naturally
Vitamins & Supplements,top collagen supplements
Mental Health & Stress,best anxiety for health
Nutrition & Diet,best gut health for health
Brain Health,benefits of memory naturally
Mental Health & Stress,natural ways to reduce stress relief
Men's Health,how to increase erectile dysfunction 2025
Vitamins & Supplements,how to improve omega 3
Heart Health,how to improve heart disease prevention
Fitness & Exercise,foods that help improve hiit
Heart Health,cholesterol for beginners
Sleep & Recovery,how to enhance deep sleep
Nutrition & Diet,how to improve plant-based 2025
Men's Health,what is the best testosterone? 2025 naturally
Heart Health,how to boost omega 3 2025
Nutrition & Diet,how to support keto
Heart Health,natural ways to improve cholesterol
Brain Health,best cognitive decline for mental clarity 2025
Men's Health,testosterone for beginners 2025
Nutrition & Diet,what is the best keto? 2025
Mental Health & Stress,cortisol for beginners
Women's Health,natural ways to manage pcos
Nutrition & Diet,top intermittent fasting supplements
Brain Health,top mental clarity supplements
Mental Health & Stress,natural ways to calm stress relief
Weight Loss & Fat Burning,foods that help burn weight loss naturally
Brain Health,what is the best mental clarity? naturally
Women's Health,natural ways to support fertility 2025 naturally
Brain Health,best memory for mental clarity
Nutrition & Diet,natural ways to support high-protein diet naturally
Sleep & Recovery,best melatonin for deep sleep
Nutrition & Diet,how to enhance keto
Men's Health,what is the best prostate health? 2025
Brain Health,foods that help enhance memory
Nutrition & Diet,how to improve plant-based
Immune System,foods that help support immune support
Sleep & Recovery,benefits of insomnia
Weight Loss & Fat Burning,benefits of metabolism booster 2025
Vitamins & Supplements,natural ways to improve magnesium
Brain Health,natural ways to improve memory
Brain Health,foods that help improve brain fog 2025
Anti-Aging & Longevity,top anti aging supplements
Vitamins & Supplements,foods that help improve ashwagandha
Sleep & Recovery,benefits of sleep quality
Fitness & Exercise,how to boost cardio
Immune System,top zinc supplements 2025 naturally
Vitamins & Supplements,magnesium for beginners 2025
Immune System,how to strengthen zinc naturally
Fitness & Exercise,how to boost hiit naturally
Brain Health,how to enhance memory
Women's Health,natural ways to manage fertility
Heart Health,foods that help lower heart disease prevention
Fitness & Exercise,top yoga supplements naturally
Weight Loss & Fat Burning,how to boost weight loss 2025
Women's Health,how to boost fertility naturally
Women's Health,how to boost menopause 2025
Women's Health,natural ways to support pcos
Brain Health,what is the best focus?
Mental Health & Stress,how to improve mindfulness 2025
Fitness & Exercise,benefits of strength training 2025
Men's Health,how to increase prostate health
Nutrition & Diet,how to enhance high-protein diet
Men's Health,how to support prostate health
Mental Health & Stress,how to boost meditation
Nutrition & Diet,how to support gut health
Heart Health,how to improve blood pressure 2025
Brain Health,benefits of mental clarity 2025
Brain Health,natural ways to improve brain fog
Immune System,immune support for beginners 2025
Sleep & Recovery,top insomnia supplements naturally
Mental Health & Stress,top cortisol supplements 2025
Fitness & Exercise,how to enhance yoga 2025
Brain Health,top brain fog supplements naturally
Fitness & Exercise,cardio for beginners naturally
Anti-Aging & Longevity,what is the best cellular health?
Fitness & Exercise,top home workout supplements
Fitness & Exercise,best home workout for muscle gain
Vitamins & Supplements,best vitamin d for wellbeing
Brain Health,how to improve cognitive decline 2025
Vitamins & Supplements,how to improve collagen 2025
Women's Health,how to improve pcos
Brain Health,how to improve memory 2025
Brain Health,how to improve cognitive decline
Women's Health,what is the best fertility? 2025
Vitamins & Supplements,how to improve magnesium
Anti-Aging & Longevity,foods that help slow longevity
Vitamins & Supplements,foods that help enhance collagen
Vitamins & Supplements,natural ways to support collagen naturally
Anti-Aging & Longevity,how to improve longevity naturally
Fitness & Exercise,how to enhance yoga
Vitamins & Supplements,natural ways to support omega 3
Immune System,top immune support supplements
Nutrition & Diet,keto for beginners 2025
Women's Health,foods that help support pcos
Sleep & Recovery,best insomnia for deep sleep
Nutrition & Diet,best plant-based for health naturally
Mental Health & Stress,meditation for beginners
Vitamins & Supplements,what is the best vitamin d?
Weight Loss & Fat Burning,foods that help reduce weight loss naturally
Anti-Aging & Longevity,how to prevent anti aging
Mental Health & Stress,how to boost mindfulness
Nutrition & Diet,best high-protein diet for health
Anti-Aging & Longevity,how to boost anti aging 2025
Immune System,how to support zinc 2025
Brain Health,top focus supplements naturally
Fitness & Exercise,how to boost hiit 2025
Women's Health,top pcos supplements 2025
Immune System,natural ways to strengthen immune boost
Women's Health,top menopause supplements
Heart Health,foods that help improve blood pressure naturally
Brain Health,how to improve mental clarity
Men's Health,foods that help boost prostate health
Heart Health,best omega 3 for wellbeing 2025
Anti-Aging & Longevity,benefits of cellular health 2025
Women's Health,how to balance hormone balance
Fitness & Exercise,best hiit for muscle gain naturally
Anti-Aging & Longevity,top anti aging supplements naturally
Men's Health,foods that help increase prostate health 2025
Vitamins & Supplements,what is the best probiotics? 2025 naturally
Nutrition & Diet,how to improve high-protein diet 2025
Mental Health & Stress,top mindfulness supplements 2025
Vitamins & Supplements,how to boost ashwagandha
Immune System,what is the best immune boost?
Fitness & Exercise,how to enhance cardio naturally
Fitness & Exercise,foods that help enhance home workout naturally
Mental Health & Stress,best stress relief for wellbeing
Nutrition & Diet,foods that help support plant-based 2025
Mental Health & Stress,cortisol for beginners 2025
Heart Health,benefits of heart disease prevention 2025
Mental Health & Stress,how to improve cortisol 2025
Immune System,zinc for beginners naturally
Heart Health,top cholesterol supplements naturally
Weight Loss & Fat Burning,how to boost belly fat 2025
Anti-Aging & Longevity,foods that help prevent cellular health 2025
Nutrition & Diet,how to support intermittent fasting 2025
Weight Loss & Fat Burning,best weight loss for weight loss
Heart Health,foods that help improve heart disease prevention
Fitness & Exercise,how to improve home workout 2025
Nutrition & Diet,best high-protein diet for wellbeing
Weight Loss & Fat Burning,natural ways to burn weight loss naturally
Immune System,immune support for beginners
Brain Health,what is the best focus? 2025
Vitamins & Supplements,magnesium for beginners
Brain Health,benefits of brain fog
Immune System,best zinc for wellbeing
Brain Health,best mental clarity for memory
Women's Health,how to balance fertility naturally
Immune System,foods that help strengthen common cold
Sleep & Recovery,top melatonin supplements 2025
Women's Health,foods that help manage hormone balance 2025
Weight Loss & Fat Burning,fat burning for beginners
Sleep & Recovery,natural ways to improve deep sleep 2025
Vitamins & Supplements,what is the best turmeric?
Weight Loss & Fat Burning,how to boost fat burning
Fitness & Exercise,how to support home workout
Vitamins & Supplements,how to support turmeric 2025
Sleep & Recovery,how to boost sleep hygiene naturally
Fitness & Exercise,strength training for beginners
Heart Health,best heart disease prevention for health 2025
Fitness & Exercise,how to support hiit naturally
Women's Health,top hormone balance supplements
Women's Health,best hormone balance for wellbeing
Brain Health,benefits of focus
Vitamins & Supplements,how to enhance omega 3
Weight Loss & Fat Burning,best metabolism booster for fat loss 2025
Women's Health,foods that help manage menopause
Immune System,what is the best immune boost? naturally
Weight Loss & Fat Burning,best weight loss for fat loss
Anti-Aging & Longevity,how to boost cellular health 2025
Immune System,natural ways to strengthen common cold naturally
Weight Loss & Fat Burning,what is the best belly fat? 2025
Weight Loss & Fat Burning,how to improve belly fat 2025
Brain Health,foods that help clear mental clarity
Immune System,how to strengthen zinc
Nutrition & Diet,how to enhance intermittent fasting
Heart Health,blood pressure for beginners
Mental Health & Stress,natural ways to manage cortisol 2025
Mental Health & Stress,how to reduce cortisol
Brain Health,natural ways to enhance focus 2025
Brain Health,foods that help clear brain fog
Anti-Aging & Longevity,foods that help slow cellular health
Vitamins & Supplements,top omega 3 supplements naturally
Immune System,top zinc supplements
Mental Health & Stress,natural ways to calm meditation 2025
Vitamins & Supplements,top vitamin d supplements 2025 naturally
Weight Loss & Fat Burning,foods that help lose metabolism booster naturally
Heart Health,natural ways to lower heart disease prevention
Brain Health,how to improve focus
Sleep & Recovery,natural ways to enhance sleep quality 2025 naturally
Nutrition & Diet,top gut health supplements
Fitness & Exercise,natural ways to improve yoga
Anti-Aging & Longevity,best anti aging for wellbeing
Vitamins & Supplements,best turmeric for wellbeing 2025
Sleep & Recovery,how to fix sleep hygiene
Heart Health,what is the best heart disease prevention? 2025
Immune System,how to boost zinc 2025 naturally
Sleep & Recovery,foods that help enhance sleep quality
Anti-Aging & Longevity,how to slow cellular health naturally
Fitness & Exercise,foods that help support strength training
Brain Health,mental clarity for beginners
Weight Loss & Fat Burning,top metabolism booster supplements naturally
Fitness & Exercise,foods that help improve home workout
Vitamins & Supplements,top vitamin d supplements
Vitamins & Supplements,natural ways to enhance probiotics
Immune System,best vitamin c for wellbeing 2025
Mental Health & Stress,natural ways to reduce meditation
Vitamins & Supplements,what is the best collagen? 2025
Heart Health,how to improve omega 3 2025
Nutrition & Diet,foods that help improve keto
Brain Health,natural ways to enhance memory
Fitness & Exercise,best home workout for endurance
Mental Health & Stress,natural ways to calm mindfulness
Weight Loss & Fat Burning,how to improve weight loss 2025
Sleep & Recovery,benefits of insomnia naturally
Vitamins & Supplements,what is the best probiotics?
Brain Health,how to boost brain fog
Men's Health,how to increase testosterone 2025
Weight Loss & Fat Burning,natural ways to burn weight loss
Vitamins & Supplements,foods that help enhance ashwagandha
Nutrition & Diet,foods that help improve high-protein diet
Fitness & Exercise,natural ways to support home workout
Immune System,natural ways to strengthen immune support 2025
Brain Health,top cognitive decline supplements naturally
Anti-Aging & Longevity,natural ways to slow cellular health 2025
Immune System,foods that help support immune boost 2025
Nutrition & Diet,natural ways to enhance intermittent fasting
Brain Health,how to boost mental clarity
Vitamins & Supplements,how to improve magnesium naturally
Weight Loss & Fat Burning,how to improve metabolism booster 2025
Nutrition & Diet,keto for beginners
Weight Loss & Fat Burning,how to improve fat burning 2025
Sleep & Recovery,top sleep hygiene supplements
Fitness & Exercise,yoga for beginners naturally
Heart Health,how to support blood pressure
Weight Loss & Fat Burning,top metabolism booster supplements 2025
Men's Health,how to support testosterone 2025
Fitness & Exercise,how to enhance hiit
Women's Health,how to improve pcos naturally
Mental Health & Stress,foods that help manage anxiety
Women's Health,how to improve pcos 2025
Sleep & Recovery,how to boost sleep hygiene
Fitness & Exercise,what is the best cardio? 2025
Sleep & Recovery,what is the best insomnia?
Heart Health,top heart disease prevention supplements
